timestamp,price,vwap,macd_signal,supertrend,pcr_ratio,pcr_flip
2023-01-01 09:15:00,100.29242814757903,100.44100800535159,0.0,1,0.9341282243603476,NONE
2023-01-01 09:16:00,100.02518061430561,100.01267814704417,0.0,1,0.888400196670425,NONE
2023-01-01 09:17:00,100.21364595909844,100.40344970786285,0.0,1,0.9218247010668129,NONE
2023-01-01 09:18:00,100.12229650130467,100.01548189685435,0.0,1,1.050104393252657,NONE
2023-01-01 09:19:00,99.82846286649907,99.79650013260692,0.0,1,1.0721191232871803,NONE
2023-01-01 09:20:00,99.48409569880891,99.34640092683273,0.0,1,1.0204866333220874,NONE
2023-01-01 09:21:00,99.28583725723249,99.21850743139198,0.0,1,0.885517937771775,NONE
2023-01-01 09:22:00,98.63398542155534,98.77247773734175,0.0,1,1.0234930145741867,BEARISH
2023-01-01 09:23:00,98.95555380584757,99.10518144538557,0.0,1,0.9941124179748524,BULLISH
2023-01-01 09:24:00,98.75228884916304,98.80213735740166,0.0,1,1.0543111956414875,BEARISH
2023-01-01 09:25:00,98.88506333618011,98.71966513808187,0.0,1,1.0400440348236026,BULLISH
2023-01-01 09:26:00,98.53065951218984,98.70124674061971,0.0,1,1.2118470954582412,NONE
2023-01-01 09:27:00,98.08871015511055,98.15380671192541,0.0,1,1.0483535311803753,NONE
2023-01-01 09:28:00,98.81785004829061,98.62418795356263,-1.0,1,1.0719353905458824,NONE
2023-01-01 09:29:00,98.88565039499954,98.85096805375986,-1.0,1,1.1309455479219102,NONE
2023-01-01 09:30:00,98.67504513258073,98.64083561197893,-1.0,1,1.0629315050313053,NONE
2023-01-01 09:31:00,98.74210041846761,98.73042460919905,-1.0,1,1.2005370775734812,NONE
2023-01-01 09:32:00,98.09872166133789,98.17504384882062,-1.0,1,1.0795679672147238,NONE
2023-01-01 09:33:00,98.06821962360209,98.14913518227841,-1.0,1,1.0436195759383684,NONE
2023-01-01 09:34:00,98.80725105439765,98.91248443463509,-1.0,1,1.083858335029071,NONE
2023-01-01 09:35:00,98.70249589898734,98.6446433321644,-1.0,1,1.054541297452064,NONE
2023-01-01 09:36:00,99.07066272908743,99.01525662964947,-1.0,1,1.1354426921529366,NONE
2023-01-01 09:37:00,99.34690163286014,99.50597595536111,-1.0,1,1.0808172304681314,NONE
2023-01-01 09:38:00,99.31523326164944,99.32999569919055,-1.0,1,0.9683870984908204,NONE
2023-01-01 09:39:00,99.05902873007282,99.20495592911129,-1.0,1,0.921211209246445,BEARISH
2023-01-01 09:40:00,98.88554720833271,98.81779285002652,-1.0,1,0.9699605297878615,NONE
2023-01-01 09:41:00,98.33347412490988,98.47930415552318,-1.0,1,0.9560186068305954,NONE
2023-01-01 09:42:00,98.34397755895507,98.29169770656272,1.0,1,0.9894331795020521,NONE
2023-01-01 09:43:00,98.2626470447104,98.32311967965191,0.0,1,0.9750014403201347,NONE
2023-01-01 09:44:00,98.00476166509829,97.96584413406677,0.0,1,0.9307708997087493,NONE
2023-01-01 09:45:00,98.63501458473925,98.70883242798911,0.0,1,0.8700036282927799,NONE
2023-01-01 09:46:00,98.66680666458986,98.59977794519604,0.0,1,0.884876178220106,NONE
2023-01-01 09:47:00,98.8376529556175,98.90036541490721,0.0,1,0.9676894287257027,NONE
2023-01-01 09:48:00,99.17367515642997,99.37213076318746,0.0,1,0.8336521189643712,NONE
2023-01-01 09:49:00,98.77646581571074,98.74737421189879,0.0,1,0.8251529150220777,NONE
2023-01-01 09:50:00,98.81810929059871,98.80543422373859,0.0,1,0.7930683424170868,NONE
2023-01-01 09:51:00,98.92794611753642,99.01663044786814,0.0,1,0.8173154246042637,NONE
2023-01-01 09:52:00,98.65692713751955,98.69741489143318,0.0,1,0.8095947108515056,NONE
2023-01-01 09:53:00,98.85037865676216,98.79389231230782,0.0,1,0.7772392920986617,NONE
2023-01-01 09:54:00,99.07443452466313,98.9049861654576,0.0,1,0.7722624730278989,NONE
2023-01-01 09:55:00,99.21845491549306,99.32512383405991,0.0,1,0.729431482528326,NONE
2023-01-01 09:56:00,99.08112509623308,99.17230987022161,0.0,1,0.7098998464174034,NONE
2023-01-01 09:57:00,99.17051135967358,99.25788578596541,0.0,1,0.6841561963811574,NONE
2023-01-01 09:58:00,98.62684977844525,98.531795238861,1.0,1,0.7273108777224019,NONE
2023-01-01 09:59:00,98.76101906818143,98.6625074040801,1.0,1,0.7405226399923501,NONE
2023-01-01 10:00:00,98.41044561343878,98.42195194264828,1.0,1,0.6371352890130124,NONE
2023-01-01 10:01:00,98.18452555867269,98.12950010251062,1.0,1,0.7122690599165632,NONE
2023-01-01 10:02:00,98.07215180089203,98.08141119153986,1.0,1,0.639655693611699,NONE
2023-01-01 10:03:00,98.27677381531868,98.17385862357051,1.0,1,0.6811974677244022,NONE
2023-01-01 10:04:00,98.47554498256393,98.40380506823229,1.0,1,0.7551292758831473,NONE
2023-01-01 10:05:00,98.26203551473112,98.3064243228422,1.0,-1,0.7633566731025238,NONE
2023-01-01 10:06:00,98.11340115926227,98.21296441373538,1.0,-1,0.7778571545672119,NONE
2023-01-01 10:07:00,98.22016558332729,98.26981041771249,1.0,-1,0.7971501051335176,NONE
2023-01-01 10:08:00,97.86307896151979,97.80814019444624,1.0,-1,0.7986997691882939,NONE
2023-01-01 10:09:00,98.00403728820952,98.02829219203964,1.0,-1,0.8171473794783006,NONE
2023-01-01 10:10:00,97.76685948413352,97.75895344837316,1.0,-1,0.6882704047263626,NONE
2023-01-01 10:11:00,97.80415189155495,97.85013450655053,1.0,-1,0.9213614253609546,NONE
2023-01-01 10:12:00,97.92212531667359,97.91168864901341,1.0,-1,0.7982070455189425,NONE
2023-01-01 10:13:00,98.4720123195238,98.30373226986511,1.0,-1,0.8582795056179063,NONE
2023-01-01 10:14:00,98.67596333135441,98.73546808332796,1.0,-1,0.8688207753394429,NONE
2023-01-01 10:15:00,98.70070851498036,98.55088321313531,1.0,-1,0.9532220570385591,NONE
2023-01-01 10:16:00,98.98983355394661,99.04782328663227,0.0,-1,0.9791450290572576,NONE
2023-01-01 10:17:00,99.03739189982133,99.09717391608295,0.0,-1,1.0103872349647254,NONE
2023-01-01 10:18:00,99.02956925739961,99.24623462119217,0.0,-1,0.9936622740377732,BULLISH
2023-01-01 10:19:00,98.778762860599,98.77156498251209,0.0,-1,0.940919337535547,BEARISH
2023-01-01 10:20:00,98.6921870691816,98.67229937712386,0.0,-1,1.0018562099936859,NONE
2023-01-01 10:21:00,98.38494015042416,98.44365038435069,0.0,-1,1.0547340144342727,BULLISH
2023-01-01 10:22:00,98.41210166266352,98.29495524789506,-1.0,-1,1.0501946549434522,NONE
2023-01-01 10:23:00,99.10044213930276,99.16847768285257,-1.0,-1,1.1334939769023076,NONE
2023-01-01 10:24:00,99.15103311749527,99.0248846972507,-1.0,-1,1.0198399677480807,NONE
2023-01-01 10:25:00,99.18589003423608,99.25883413582774,0.0,-1,1.1324621485348112,NONE
2023-01-01 10:26:00,99.73471544973717,99.81442316745299,0.0,-1,1.0655848064825781,NONE
2023-01-01 10:27:00,99.54373971901352,99.45129709208994,0.0,-1,1.1615088367821804,NONE
2023-01-01 10:28:00,99.406817896143,99.3558676871079,1.0,-1,1.072042380427789,NONE
2023-01-01 10:29:00,99.77629158425098,99.90457112228225,1.0,-1,1.0547041192424225,NONE
2023-01-01 10:30:00,100.15608138370031,100.23399893603967,1.0,-1,1.0932649327918995,NONE
2023-01-01 10:31:00,100.27552969365696,100.47282102766549,1.0,-1,1.0720458783662261,NONE
2023-01-01 10:32:00,100.74177827531317,100.83581145252346,1.0,-1,1.094815811686356,NONE
2023-01-01 10:33:00,101.23241489099284,101.34544562923111,1.0,-1,0.901967152930526,NONE
2023-01-01 10:34:00,100.88700819379503,100.78838006746228,1.0,-1,0.9676367806051603,BEARISH
2023-01-01 10:35:00,101.22984279164073,101.31121426369651,-1.0,-1,1.0797459693375424,NONE
2023-01-01 10:36:00,101.8918152237988,101.91547428344097,0.0,-1,1.1048077762427189,BULLISH
2023-01-01 10:37:00,102.22094329645628,102.25524370284653,0.0,-1,1.025360997708779,NONE
2023-01-01 10:38:00,101.59015292435429,101.6127432123739,0.0,-1,1.0233175169501967,NONE
2023-01-01 10:39:00,101.23575731522871,101.14521610578996,0.0,-1,1.0700005119241487,NONE
2023-01-01 10:40:00,101.18504553546501,101.18946327049126,0.0,-1,1.0128435932217439,NONE
2023-01-01 10:41:00,101.30399621546724,101.32999255271656,0.0,-1,0.9267654209078744,NONE
2023-01-01 10:42:00,101.38558544311745,101.25861468833644,0.0,-1,0.9442501445293319,BEARISH
2023-01-01 10:43:00,101.02773059969847,100.82567549873018,0.0,-1,0.9246209962076799,NONE
2023-01-01 10:44:00,101.08647947537946,100.9716737161773,-1.0,-1,0.9095850666643569,NONE
2023-01-01 10:45:00,101.03449734166439,100.9712373370737,-1.0,-1,1.0200215856008008,NONE
2023-01-01 10:46:00,100.78063316815927,100.82117256114124,-1.0,-1,0.8055872207643449,BULLISH
2023-01-01 10:47:00,100.72534529597684,100.63337524531899,-1.0,-1,0.8618522774945228,BEARISH
2023-01-01 10:48:00,100.46810659129865,100.53504152762139,-1.0,-1,0.7668060637301302,NONE
2023-01-01 10:49:00,100.24664584935688,100.28512520306495,-1.0,-1,0.8382014054835831,NONE
2023-01-01 10:50:00,100.28882452487464,100.24362676698108,-1.0,-1,0.7738945168975416,NONE
2023-01-01 10:51:00,100.11288309395438,100.19981092369449,-1.0,-1,0.787977857845197,NONE
2023-01-01 10:52:00,99.75081718897796,99.82611060488696,-1.0,-1,0.6937845890681978,NONE
2023-01-01 10:53:00,99.82202895264953,99.648810416522,0.0,-1,0.671072607326592,NONE
2023-01-01 10:54:00,99.70776224260861,99.75076606700274,0.0,-1,0.7269741220931082,NONE
2023-01-01 10:55:00,99.70102831700231,99.6662695306934,0.0,1,0.7725217379947574,NONE
2023-01-01 10:56:00,100.03252463583192,100.06612652723173,0.0,1,0.715259995762549,NONE
2023-01-01 10:57:00,100.22019155569568,100.12365198914299,0.0,1,0.7599274816070726,NONE
2023-01-01 10:58:00,100.02490390055183,100.18247180954758,0.0,1,0.7108475066295648,NONE
2023-01-01 10:59:00,100.18142215583023,100.1960005959561,1.0,1,0.6412789672331686,NONE
2023-01-01 11:00:00,100.10872112058726,99.97080249397342,-1.0,1,0.7343174194569637,NONE
2023-01-01 11:01:00,99.84348357880751,99.90077042686121,-1.0,1,0.7203262986109451,NONE
2023-01-01 11:02:00,100.20821575672636,100.20629199966754,-1.0,1,0.7183102801491421,NONE
2023-01-01 11:03:00,100.51659960829905,100.33568748467006,-1.0,1,0.7774204421719191,NONE
2023-01-01 11:04:00,100.27930308261638,100.3620917644311,-1.0,1,0.7167407823987435,NONE
2023-01-01 11:05:00,100.40367343367546,100.52716539817011,-1.0,1,0.7048451410801024,NONE
2023-01-01 11:06:00,100.01043224133836,99.76310387655194,-1.0,1,0.5823914414612206,NONE
2023-01-01 11:07:00,100.30771656188487,100.21570986273444,-1.0,1,0.7993224703960963,NONE
2023-01-01 11:08:00,100.45244523545495,100.6113115708784,-1.0,1,0.8960319486386021,NONE
2023-01-01 11:09:00,100.33215163143149,100.28238740007492,-1.0,1,0.8065882327561865,NONE
2023-01-01 11:10:00,100.49031429824996,100.45443949900209,-1.0,1,0.8314606754794928,NONE
2023-01-01 11:11:00,100.6467043858785,100.65486971029166,-1.0,1,0.8409147237504365,NONE
2023-01-01 11:12:00,100.29534631168323,100.28972916452646,-1.0,1,0.7964458521363331,NONE
2023-01-01 11:13:00,100.00762938410811,100.1845919498642,-1.0,1,0.7964014883103059,NONE
2023-01-01 11:14:00,100.21188074264077,100.22778673887407,-1.0,1,0.9310497126258634,NONE
2023-01-01 11:15:00,100.25805386823144,100.18489818149544,-1.0,1,0.9806372195170555,NONE
2023-01-01 11:16:00,100.51582778637014,100.53000202492022,-1.0,1,0.8654979155271512,NONE
2023-01-01 11:17:00,100.60726729005275,100.68946663451315,-1.0,1,0.9342916681128169,NONE
2023-01-01 11:18:00,100.61577707423689,100.59890128576136,-1.0,1,0.9377838817535398,NONE
2023-01-01 11:19:00,100.4935580100896,100.29569864311416,-1.0,1,1.0141485772051166,NONE
2023-01-01 11:20:00,100.15399995916357,99.99783920798404,-1.0,1,1.0399491498248132,BULLISH
2023-01-01 11:21:00,99.79718122519677,99.9383656117401,-1.0,1,1.0447752813799345,NONE
2023-01-01 11:22:00,100.00649276200029,100.1905536981382,1.0,1,1.0191310146105308,NONE
2023-01-01 11:23:00,99.94337298875608,100.10358326649173,1.0,1,1.058663801277912,NONE
2023-01-01 11:24:00,100.00156992579068,100.14105577865453,1.0,1,1.042734434336744,NONE
2023-01-01 11:25:00,100.30593345043839,100.3643761880295,1.0,1,1.1341010234199471,NONE
2023-01-01 11:26:00,100.12776504096855,100.0792634628707,1.0,1,1.1579211294581329,NONE
2023-01-01 11:27:00,100.03343944413173,99.92023621427974,-1.0,1,1.0645621517547073,NONE
2023-01-01 11:28:00,99.86139364961691,99.80593828642034,-1.0,1,1.163767079602899,NONE
2023-01-01 11:29:00,99.91297011851836,99.79058858231497,-1.0,1,1.0979790387697057,NONE
2023-01-01 11:30:00,99.98003472749166,100.09893092044116,-1.0,1,1.1769545488586721,NONE
2023-01-01 11:31:00,100.4894164329225,100.48779156946142,-1.0,1,1.0114406982101112,NONE
2023-01-01 11:32:00,100.29157991355142,100.34857988109765,-1.0,1,1.025170995916073,NONE
2023-01-01 11:33:00,100.33149106542399,100.31713248731558,-1.0,1,1.136403890792677,NONE
2023-01-01 11:34:00,100.00758026610563,100.2659766187814,-1.0,1,1.0789156657240042,NONE
2023-01-01 11:35:00,99.6868242764885,99.80806833735575,-1.0,1,0.9981857191532691,NONE
2023-01-01 11:36:00,99.6326110058721,99.5505729537921,0.0,1,1.034822705895839,BEARISH
2023-01-01 11:37:00,99.30894460737748,99.20813240566602,0.0,1,1.113114710781582,BULLISH
2023-01-01 11:38:00,99.54982279481447,99.41643922306132,-1.0,1,1.0496623459187437,NONE
2023-01-01 11:39:00,99.36334692215392,99.34790030279548,-1.0,1,0.9348263579210653,NONE
2023-01-01 11:40:00,99.15099969280257,99.20970699035712,1.0,1,0.970103749730116,BEARISH
2023-01-01 11:41:00,98.68601254563026,98.69613548192773,1.0,1,0.9574146085364345,NONE
2023-01-01 11:42:00,98.80779893158127,98.84502068478479,1.0,1,0.9352160176696255,NONE
2023-01-01 11:43:00,98.84492279714235,98.93476714896532,1.0,1,0.8081772297470837,NONE
2023-01-01 11:44:00,98.66973692066439,98.78363234380244,1.0,1,0.8986073163871692,NONE
2023-01-01 11:45:00,98.48556245820627,98.40806267503062,1.0,-1,0.8951852552428846,NONE
2023-01-01 11:46:00,98.3884242977814,98.30740326874056,1.0,-1,0.9630261092254977,NONE
2023-01-01 11:47:00,98.31182501899333,98.26996427697453,0.0,-1,0.8510442892442475,NONE
2023-01-01 11:48:00,98.23788752872177,98.35645446714949,1.0,-1,0.7034966539965817,NONE
2023-01-01 11:49:00,98.57688521622777,98.53954279547678,1.0,-1,0.8143063861645311,NONE
2023-01-01 11:50:00,98.72140189305888,98.70319531179462,1.0,-1,0.6828605971895674,NONE
2023-01-01 11:51:00,98.80206885318583,98.97819948939596,1.0,-1,0.7953243523365121,NONE
2023-01-01 11:52:00,98.56349087231573,98.63080221576438,1.0,-1,0.6574137351979179,NONE
2023-01-01 11:53:00,98.46293483106645,98.37436082935656,1.0,-1,0.7529144604447497,NONE
2023-01-01 11:54:00,98.90965484539576,98.91755382513753,1.0,-1,0.6729585634915566,NONE
2023-01-01 11:55:00,98.27428395505585,98.3148500356749,1.0,-1,0.7232188100764345,NONE
2023-01-01 11:56:00,98.32746693227739,98.49188762794368,1.0,-1,0.7331726247885123,NONE
2023-01-01 11:57:00,98.98664428646397,99.15868437815244,0.0,-1,0.7777467143591259,NONE
2023-01-01 11:58:00,98.79602684683321,99.02672781145922,0.0,-1,0.7286245615317788,NONE
2023-01-01 11:59:00,99.16570701939791,98.96539724584777,0.0,-1,0.6643785911425933,NONE
2023-01-01 12:00:00,99.18109365324689,99.25560391394487,0.0,-1,0.7191833340996548,NONE
2023-01-01 12:01:00,99.22335942507362,99.38608974566601,0.0,-1,0.794260257698519,NONE
2023-01-01 12:02:00,99.51525538467835,99.60011604122707,0.0,-1,0.6220329126793271,NONE
2023-01-01 12:03:00,99.24120564493813,99.26053867747898,-1.0,-1,0.6772265486826669,NONE
2023-01-01 12:04:00,99.2371812244241,99.28207139965895,-1.0,-1,0.7683624779498807,NONE
2023-01-01 12:05:00,99.35749539005846,99.41307258165591,-1.0,-1,0.7397197641150155,NONE
2023-01-01 12:06:00,99.54724280116493,99.48148764564236,-1.0,-1,0.750878515105101,NONE
2023-01-01 12:07:00,99.11208960228984,99.25760314345933,0.0,-1,0.8354600417151614,NONE
2023-01-01 12:08:00,99.28039872618692,99.19009295678103,0.0,-1,0.7726775449879475,NONE
2023-01-01 12:09:00,99.16847728214297,99.2364951095837,0.0,-1,0.7347276001213925,NONE
2023-01-01 12:10:00,99.1544022740219,99.42097194246837,0.0,-1,0.814679280222126,NONE
2023-01-01 12:11:00,99.1223362549535,99.15030774982756,0.0,-1,0.7833143372467383,NONE
2023-01-01 12:12:00,98.64223401484067,98.62901477801203,0.0,-1,0.910599977714287,NONE
2023-01-01 12:13:00,98.97080642392501,98.88807082075554,0.0,-1,0.871601146846249,NONE
2023-01-01 12:14:00,99.06336597443163,99.18251670628688,0.0,-1,1.0004924473889063,NONE
2023-01-01 12:15:00,98.65508278514795,98.51403646412085,0.0,-1,0.8081326989439722,BULLISH
2023-01-01 12:16:00,98.39667024308336,98.40968361305184,0.0,-1,0.7970309521204675,BEARISH
2023-01-01 12:17:00,98.62843459646881,98.59433040339236,0.0,-1,0.9249813356251407,NONE
2023-01-01 12:18:00,98.53236630198259,98.29699771571869,1.0,-1,0.9866522428705629,NONE
2023-01-01 12:19:00,98.39951998343838,98.32430585154215,1.0,-1,0.9878584228090502,NONE
2023-01-01 12:20:00,98.24190956335,98.21119874650374,1.0,-1,1.0954686311243467,NONE
2023-01-01 12:21:00,98.26610708255336,98.30333974179929,1.0,-1,0.970349763944543,BULLISH
2023-01-01 12:22:00,98.33034431409214,98.38222601789836,1.0,-1,1.0141083561995587,BEARISH
2023-01-01 12:23:00,98.65413995133841,98.6562270142173,1.0,-1,1.164039800104475,BULLISH
2023-01-01 12:24:00,98.37973852754578,98.40968779415323,1.0,-1,1.1130583999683779,NONE
2023-01-01 12:25:00,98.1999733504676,98.27724957722901,0.0,-1,1.1411875711148984,NONE
2023-01-01 12:26:00,98.78298129367157,98.73563596609836,0.0,-1,1.1640646595536575,NONE
2023-01-01 12:27:00,99.18763224364055,99.1025014413093,0.0,-1,1.0006881840079562,NONE
2023-01-01 12:28:00,99.21558105091616,99.26804715632016,0.0,-1,1.1276527458157022,NONE
2023-01-01 12:29:00,99.5664728345554,99.53406347011766,0.0,-1,1.0164038782913298,NONE
2023-01-01 12:30:00,99.37689537514076,99.3744257220907,-1.0,-1,0.9949574285113841,NONE
2023-01-01 12:31:00,99.42387704827678,99.54848244347545,-1.0,-1,1.1435420450532823,BEARISH
2023-01-01 12:32:00,99.56159099164658,99.64702793609675,-1.0,-1,1.1307552670886292,BULLISH
2023-01-01 12:33:00,99.82780819919513,99.73707506812296,-1.0,-1,1.0304162916513944,NONE
2023-01-01 12:34:00,99.97612298384352,100.05659173767886,-1.0,-1,1.0845364050757658,NONE
2023-01-01 12:35:00,100.50784122918552,100.51911413009132,-1.0,1,1.0297674357900677,NONE
2023-01-01 12:36:00,101.01883358107624,101.07433337883934,-1.0,1,1.0877012864986686,NONE
2023-01-01 12:37:00,100.93405192957059,100.98021743447106,-1.0,1,1.0117131068481544,NONE
2023-01-01 12:38:00,100.70507989326155,100.75468871086949,-1.0,1,1.0033401092878322,NONE
2023-01-01 12:39:00,100.63044280766613,100.65627570355106,-1.0,1,0.9969464913588169,NONE
2023-01-01 12:40:00,100.24136135379608,100.2125637617575,-1.0,1,1.025198674604562,BEARISH
2023-01-01 12:41:00,100.19936965647467,100.40112802299913,-1.0,1,1.057634781181324,BULLISH
2023-01-01 12:42:00,99.51971337584803,99.36295402246294,-1.0,1,0.989452873902282,NONE
2023-01-01 12:43:00,99.55357391034495,99.54146359227713,-1.0,1,0.9660974820325609,BEARISH
2023-01-01 12:44:00,99.36293070929423,99.28723352321869,-1.0,1,0.9349881766875997,NONE
2023-01-01 12:45:00,99.15836537053815,99.15826159791042,-1.0,1,0.8848954605279933,NONE
2023-01-01 12:46:00,99.23576596264131,99.23032614672114,-1.0,1,0.7903400217240945,NONE
2023-01-01 12:47:00,99.50508835216749,99.51989800423787,-1.0,1,0.8695932211617228,NONE
2023-01-01 12:48:00,99.18129464259975,99.06597207754302,-1.0,1,0.8731143103250951,NONE
2023-01-01 12:49:00,99.21216536391447,99.23924050362383,-1.0,1,0.8542146904120467,NONE
2023-01-01 12:50:00,98.58814585316337,98.53902182382846,0.0,1,0.7845252730634323,NONE
2023-01-01 12:51:00,98.20050369390819,98.33834555448742,0.0,1,0.7511871054119442,NONE
2023-01-01 12:52:00,98.79471344849173,98.83759094686407,1.0,1,0.8174843688708098,NONE
2023-01-01 12:53:00,98.63660471241049,98.64157118850366,1.0,1,0.698700154748746,NONE
2023-01-01 12:54:00,98.82600953440685,99.01663259918976,1.0,1,0.8504504623009925,NONE
2023-01-01 12:55:00,98.58958361159416,98.58786374944127,1.0,1,0.8286384251126014,NONE
2023-01-01 12:56:00,98.50475969291719,98.48451121362685,1.0,1,0.6957333523485053,NONE
2023-01-01 12:57:00,98.79410451263975,98.6067274617619,-1.0,1,0.6633318791779841,NONE
2023-01-01 12:58:00,98.88296803619617,98.86795232438791,-1.0,1,0.7387863902159821,NONE
2023-01-01 12:59:00,98.99304878892778,99.0642059849522,-1.0,1,0.6421922217503921,NONE
2023-01-01 13:00:00,99.22695881216914,99.38839460063484,-1.0,1,0.6550142815921713,NONE
2023-01-01 13:01:00,99.21446279128489,99.26901092802522,-1.0,1,0.6776055020580396,NONE
2023-01-01 13:02:00,98.7486356663589,98.78125023582088,-1.0,1,0.7148769542681974,NONE
2023-01-01 13:03:00,98.85821204434099,98.7925219098281,-1.0,1,0.7206423724490065,NONE
2023-01-01 13:04:00,98.58163553391223,98.56556206572111,-1.0,1,0.6492914729301775,NONE
2023-01-01 13:05:00,98.44465363679622,98.51189605266433,1.0,1,0.6838725370536746,NONE
2023-01-01 13:06:00,97.922067979353,97.85694800026178,1.0,1,0.7592882654192586,NONE
2023-01-01 13:07:00,97.19079744472425,97.29683427337265,1.0,1,0.7872670219230855,NONE
2023-01-01 13:08:00,97.27802092540203,97.36530935699254,1.0,1,0.8245482507496471,NONE
2023-01-01 13:09:00,97.68373496338961,97.67365813262487,1.0,1,0.8259885433467612,NONE
2023-01-01 13:10:00,97.54879899184114,97.59529665170358,1.0,1,0.8659107288951715,NONE
2023-01-01 13:11:00,97.57297938357101,97.55356790585127,1.0,1,0.8693685996002274,NONE
2023-01-01 13:12:00,97.24159719895373,97.11776955190615,0.0,1,0.9021846798405242,NONE
2023-01-01 13:13:00,96.73894460322767,96.67434413748616,0.0,1,0.9053902291326837,NONE
2023-01-01 13:14:00,96.95052408609385,96.69199390264805,0.0,1,0.9011891329659584,NONE
2023-01-01 13:15:00,96.97072133640143,96.96860167467922,0.0,1,0.8662040455927733,NONE
2023-01-01 13:16:00,96.94560240723824,96.9078003763857,0.0,1,0.9284394838401108,NONE
2023-01-01 13:17:00,96.92750470024296,96.73338000110888,0.0,1,0.9420977298377259,NONE
2023-01-01 13:18:00,97.52274500470524,97.4452253280699,0.0,1,1.050589130593081,NONE
2023-01-01 13:19:00,97.53081042306705,97.38572135732225,0.0,1,0.9729750053032583,BULLISH
2023-01-01 13:20:00,97.55756252144936,97.55076788064953,0.0,1,1.0631154487124088,BEARISH
2023-01-01 13:21:00,97.42439701305082,97.41017520146947,0.0,1,0.9922306612618835,BULLISH
2023-01-01 13:22:00,96.92005494140342,96.8721367174658,0.0,1,1.031617218380628,BEARISH
2023-01-01 13:23:00,96.89991065308458,97.09482395702682,-1.0,1,1.0132130325973037,BULLISH
2023-01-01 13:24:00,97.16857122481784,97.03988353029628,-1.0,1,1.0378503382261053,NONE
2023-01-01 13:25:00,97.2620892826293,97.2019960549503,0.0,-1,1.0454876244906974,NONE
2023-01-01 13:26:00,97.77737536849554,97.79162418715032,0.0,-1,0.9984575837372921,NONE
2023-01-01 13:27:00,98.04651885091204,98.23863235105519,0.0,-1,1.1344110325363874,BEARISH
2023-01-01 13:28:00,98.63866283214425,98.52311606521094,0.0,-1,1.1591255122974162,BULLISH
2023-01-01 13:29:00,98.45617389158356,98.37642247859307,0.0,-1,1.1389079161403062,NONE
2023-01-01 13:30:00,98.65091480512119,98.75890453859427,0.0,-1,1.0746138083573418,NONE
2023-01-01 13:31:00,98.90383377714936,98.81374299163458,-1.0,-1,1.1403405986948256,NONE
2023-01-01 13:32:00,98.49718571959326,98.52222665865385,-1.0,-1,1.0989670913823286,NONE
2023-01-01 13:33:00,98.35499730745916,98.1832699531133,-1.0,-1,1.124524528237725,NONE
2023-01-01 13:34:00,98.2865792860126,98.24084296298689,0.0,-1,1.0324669771939574,NONE
2023-01-01 13:35:00,99.11035007920019,98.93472833708513,-1.0,-1,0.9679232167580331,NONE
2023-01-01 13:36:00,98.95961088357313,98.91305757138717,-1.0,-1,1.019567853055704,BEARISH
2023-01-01 13:37:00,98.52605085360993,98.47393143158169,-1.0,-1,0.9915841339881055,BULLISH
2023-01-01 13:38:00,98.54632070814814,98.54405139557473,-1.0,-1,1.0872645595584065,BEARISH
2023-01-01 13:39:00,97.76503247269163,97.89999531743251,-1.0,-1,1.0677172376665776,BULLISH
2023-01-01 13:40:00,97.47833164894895,97.6290162413584,0.0,-1,0.9387411312755347,NONE
2023-01-01 13:41:00,97.45695564794147,97.3264793613189,0.0,-1,1.0211536998105157,BEARISH
2023-01-01 13:42:00,97.25216558172377,97.23353073649774,0.0,-1,0.9302284798452074,BULLISH
2023-01-01 13:43:00,96.76078688441004,96.70687549353309,0.0,-1,0.9639623216805542,BEARISH
2023-01-01 13:44:00,96.21020074741419,96.21717696273485,0.0,-1,0.9025566879811759,NONE
2023-01-01 13:45:00,96.13373323132203,96.07827827462877,0.0,-1,0.8602604234458597,NONE
2023-01-01 13:46:00,96.23695646234667,96.19800077868753,0.0,-1,0.8669225482423277,NONE
2023-01-01 13:47:00,96.28687843100238,96.37257455555805,0.0,-1,0.7829626947246062,NONE
2023-01-01 13:48:00,96.42278636015455,96.3656751187522,1.0,-1,0.824607826384018,NONE
2023-01-01 13:49:00,96.82636169857349,96.80952701154014,-1.0,-1,0.7927409866583263,NONE
2023-01-01 13:50:00,96.53748706002834,96.71424362377813,-1.0,-1,0.6997297358957295,NONE
2023-01-01 13:51:00,96.77105276116846,96.71452677780785,-1.0,-1,0.670780844170029,NONE
2023-01-01 13:52:00,96.66167278941394,96.68739509822244,-1.0,-1,0.7513760532096585,NONE
2023-01-01 13:53:00,96.7085025295681,96.72171967536879,-1.0,-1,0.7600536384890129,NONE
2023-01-01 13:54:00,96.56334173142129,96.5588949374109,-1.0,-1,0.809920323914241,NONE
2023-01-01 13:55:00,96.59507472249092,96.69378488442284,-1.0,-1,0.7493287311449849,NONE
2023-01-01 13:56:00,96.39904222184771,96.34910447470823,-1.0,-1,0.7011299039495179,NONE
2023-01-01 13:57:00,96.93743547547783,96.97402550038689,-1.0,-1,0.72875574681338,NONE
2023-01-01 13:58:00,97.11600702336378,97.10907269456101,-1.0,-1,0.7290484784263219,NONE
2023-01-01 13:59:00,96.39276957390733,96.35856494749812,-1.0,-1,0.7680330674885308,NONE
2023-01-01 14:00:00,96.27772981929817,96.22313287534311,-1.0,-1,0.7590814533134259,NONE
2023-01-01 14:01:00,96.64913848408789,96.67266749227517,-1.0,-1,0.634184762053432,NONE
2023-01-01 14:02:00,96.59153701507165,96.63377601008439,1.0,-1,0.6249193778885263,NONE
2023-01-01 14:03:00,96.43459323769079,96.41793974792024,1.0,-1,0.6629765054966299,NONE
2023-01-01 14:04:00,96.47462270932087,96.53413949708413,1.0,-1,0.7669051218254808,NONE
2023-01-01 14:05:00,96.60773734572689,96.67843913765489,1.0,-1,0.7305120558923688,NONE
2023-01-01 14:06:00,96.45574644928337,96.47795624907856,1.0,-1,0.7511514873184715,NONE
2023-01-01 14:07:00,96.67572330920478,96.63576461315328,1.0,-1,0.760521652720792,NONE
2023-01-01 14:08:00,96.5255908648454,96.55571716750643,1.0,-1,0.8260758651457765,NONE
2023-01-01 14:09:00,96.68402119759568,96.57595731919963,1.0,-1,0.8975896652873989,NONE
2023-01-01 14:10:00,96.57520390984939,96.49766486193377,1.0,-1,0.8189643321739625,NONE
2023-01-01 14:11:00,96.83697332136497,96.8844060519268,1.0,-1,0.8043026342928017,NONE
2023-01-01 14:12:00,96.89156841271355,96.6867415062441,-1.0,-1,0.8523145981764841,NONE
2023-01-01 14:13:00,97.06778120770504,97.14138520650496,-1.0,-1,0.8688417916484578,NONE
2023-01-01 14:14:00,97.0010518919579,97.14755625710761,-1.0,-1,0.8008639734770441,NONE
